{"cameraMode":{"drawMode":0,"name":"Shaded","section":"Shading Mode"},"sceneLighting":true,"audioPlay":false,"sceneViewState":{"showFog":true,"showMaterialUpdate":true,"showSkybox":true,"showFlares":true,"showImageEffects":true,"showParticleSystems":true},"in2DMode":false,"pivot":{"x":860.8139038085938,"y":181.22735595703126,"z":1645.690185546875},"rotation":{"x":-0.22187958657741548,"y":0.6353726387023926,"z":-0.1978052258491516,"w":-0.7127020955085754},"size":1212.953369140625,"orthographic":false}