{"cameraMode":{"drawMode":0,"name":"Shaded","section":"Shading Mode"},"sceneLighting":false,"audioPlay":false,"sceneViewState":{"showFog":true,"showMaterialUpdate":true,"showSkybox":true,"showFlares":true,"showImageEffects":true,"showParticleSystems":true},"in2DMode":false,"pivot":{"x":-0.48299169540405276,"y":-0.3898944854736328,"z":0.5803214311599731},"rotation":{"x":-0.33097463846206667,"y":-0.6484746932983398,"z":0.3732840418815613,"w":-0.5749742388725281},"size":8.825448036193848,"orthographic":false}