{"cameraMode":{"drawMode":0,"name":"Shaded","section":"Shading Mode"},"sceneLighting":true,"audioPlay":false,"sceneViewState":{"showFog":true,"showMaterialUpdate":true,"showSkybox":true,"showFlares":true,"showImageEffects":true,"showParticleSystems":true},"in2DMode":false,"pivot":{"x":375.4128723144531,"y":2.3314852714538576,"z":233.9042205810547},"rotation":{"x":-0.03999611362814903,"y":0.6704937219619751,"z":0.03624187782406807,"w":0.7399493455886841},"size":1.7587387561798096,"orthographic":false}