{"cameraMode":{"drawMode":0,"name":"Shaded","section":"Shading Mode"},"sceneLighting":true,"audioPlay":false,"sceneViewState":{"showFog":true,"showMaterialUpdate":true,"showSkybox":true,"showFlares":true,"showImageEffects":true,"showParticleSystems":true},"in2DMode":false,"pivot":{"x":2712.541748046875,"y":51.94908142089844,"z":-1329.643798828125},"rotation":{"x":0.0008411328308284283,"y":-0.9945486783981323,"z":-0.008046356961131096,"w":-0.10395931452512741},"size":3464.69140625,"orthographic":false}